path_id,n_pairs,n_success,n_missing_F_or_R,n_failed_parse,avg_efficiency
0,12,12,0,0,1.9174999999999998
1,12,12,0,0,1.8183333333333334
2,12,12,0,0,1.9766666666666666
3,12,12,0,0,1.7625
4,12,12,0,0,1.7841666666666667
5,12,12,0,0,1.9583333333333333
6,12,12,0,0,1.9583333333333333
7,12,12,0,0,1.875
8,12,12,0,0,1.8950000000000002
9,12,12,0,0,1.925
10,12,12,0,0,1.875
11,12,12,0,0,1.9166666666666667
12,12,12,0,0,1.9166666666666667
13,12,12,0,0,1.875
14,12,12,0,0,1.7225000000000001
15,12,12,0,0,1.9400000000000002
16,12,12,0,0,1.8499999999999999
17,12,12,0,0,1.7916666666666667
18,12,12,0,0,1.9166666666666667
19,12,12,0,0,1.875
20,12,12,0,0,1.9166666666666667
21,12,12,0,0,1.9941666666666666
22,12,12,0,0,2.0
23,12,12,0,0,1.905
24,12,12,0,0,1.9141666666666666
25,12,12,0,0,1.9166666666666667
26,12,12,0,0,1.875
27,12,12,0,0,1.8333333333333333
28,12,12,0,0,1.7816666666666665
29,12,12,0,0,1.75
30,12,12,0,0,1.8758333333333332
31,12,12,0,0,1.8558333333333332
32,12,12,0,0,1.8333333333333333
33,12,12,0,0,1.8333333333333333
34,12,12,0,0,1.9166666666666667
35,12,12,0,0,1.8333333333333333
36,12,12,0,0,1.75
37,12,12,0,0,1.8950000000000002
38,12,12,0,0,1.8608333333333331
39,12,12,0,0,1.9541666666666666
40,12,12,0,0,1.8333333333333333
41,12,12,0,0,1.7491666666666668
42,12,12,0,0,1.9241666666666666
43,12,12,0,0,1.8166666666666667
44,12,12,0,0,1.8808333333333334
45,12,12,0,0,1.8141666666666667
46,12,12,0,0,1.8675
47,12,12,0,0,1.8333333333333333
48,12,12,0,0,1.7916666666666667
49,12,12,0,0,1.8083333333333333
50,12,12,0,0,1.8783333333333332
51,12,12,0,0,1.9166666666666667
52,12,12,0,0,1.875
53,12,12,0,0,1.8141666666666667
54,12,12,0,0,1.9166666666666667
55,12,12,0,0,1.9166666666666667
56,12,12,0,0,1.9166666666666667
57,12,12,0,0,1.8766666666666667
58,12,12,0,0,1.9083333333333332
59,12,12,0,0,1.9433333333333334
60,12,12,0,0,1.875
61,12,12,0,0,1.9033333333333333
62,12,12,0,0,1.7833333333333332
63,12,12,0,0,1.875
64,12,12,0,0,1.8458333333333332
65,12,12,0,0,1.9166666666666667
66,12,12,0,0,1.9008333333333336
67,12,12,0,0,1.9166666666666667
68,12,12,0,0,1.9008333333333336
69,12,12,0,0,1.89
70,12,12,0,0,1.9583333333333333
71,12,12,0,0,1.875
72,12,12,0,0,1.9166666666666667
73,12,12,0,0,1.8333333333333333
74,12,12,0,0,1.9583333333333333
75,12,12,0,0,1.8333333333333333
76,12,12,0,0,1.9583333333333333
77,12,12,0,0,1.875
78,12,12,0,0,1.875
79,12,12,0,0,1.9166666666666667
80,12,12,0,0,1.8633333333333333
81,12,12,0,0,1.9166666666666667
82,12,12,0,0,1.8741666666666665
83,12,12,0,0,1.9166666666666667
84,12,12,0,0,1.9033333333333333
85,12,12,0,0,1.875
86,12,12,0,0,1.8333333333333333
87,12,12,0,0,1.875
88,12,12,0,0,1.7383333333333333
89,12,12,0,0,1.8933333333333335
90,12,12,0,0,1.9166666666666667
91,12,12,0,0,1.9091666666666667
92,12,12,0,0,1.8775000000000002
93,12,12,0,0,1.875
94,12,12,0,0,1.875
95,12,12,0,0,1.875
96,12,12,0,0,1.8791666666666667
97,12,12,0,0,1.7958333333333334
98,12,12,0,0,1.8333333333333333
99,12,12,0,0,1.9166666666666667
100,12,12,0,0,1.8333333333333333
101,12,12,0,0,1.9316666666666666
102,12,12,0,0,1.9166666666666667
103,12,12,0,0,1.875
104,12,12,0,0,1.7916666666666667
105,12,12,0,0,1.7966666666666669
106,12,12,0,0,1.7125000000000001
107,12,12,0,0,1.8233333333333333
108,12,12,0,0,1.9166666666666667
109,12,12,0,0,1.9166666666666667
110,12,12,0,0,1.8333333333333333
111,12,12,0,0,1.9166666666666667
112,12,12,0,0,1.9166666666666667
113,12,12,0,0,1.875
114,12,12,0,0,1.9166666666666667
115,12,12,0,0,1.7933333333333337
116,12,12,0,0,1.875
117,12,12,0,0,1.875
118,12,12,0,0,1.875
119,12,12,0,0,1.8391666666666666
120,12,12,0,0,1.8058333333333334
121,12,12,0,0,1.8333333333333333
122,12,12,0,0,1.9233333333333331
123,12,12,0,0,1.875
124,12,12,0,0,1.875
125,12,12,0,0,1.9583333333333333
126,12,12,0,0,1.75
127,12,12,0,0,1.875
128,12,12,0,0,1.9166666666666667
129,12,12,0,0,1.875
130,12,12,0,0,1.875
131,12,12,0,0,1.9075
132,12,12,0,0,1.8341666666666665
133,12,12,0,0,1.875
134,12,12,0,0,1.8183333333333334
135,12,12,0,0,1.9583333333333333
136,12,12,0,0,1.8891666666666669
137,12,12,0,0,1.9166666666666667
138,12,12,0,0,1.7616666666666667
139,12,12,0,0,1.9583333333333333
140,12,12,0,0,1.8958333333333337
141,12,12,0,0,1.9583333333333333
142,12,12,0,0,1.8741666666666668
143,12,12,0,0,1.875
144,12,12,0,0,1.875
145,12,12,0,0,1.9133333333333333
146,12,12,0,0,1.804166666666667
147,12,12,0,0,1.8475000000000001
148,12,12,0,0,1.8591666666666666
149,12,12,0,0,1.8225
150,12,12,0,0,1.875
151,12,12,0,0,1.8591666666666666
152,12,12,0,0,1.8758333333333332
153,12,12,0,0,1.9583333333333333
154,12,12,0,0,1.75
155,12,12,0,0,1.9166666666666667
156,12,12,0,0,1.875
157,12,12,0,0,1.825
158,12,12,0,0,1.9166666666666667
159,12,12,0,0,1.9108333333333334
160,12,12,0,0,1.875
161,12,12,0,0,1.9166666666666667
162,12,12,0,0,1.875
163,12,12,0,0,1.7966666666666669
164,12,12,0,0,1.8558333333333332
165,12,12,0,0,1.8575
166,12,12,0,0,1.8333333333333333
167,12,12,0,0,1.875
168,12,12,0,0,1.875
169,12,12,0,0,1.9166666666666667
170,12,12,0,0,1.9083333333333332
171,12,12,0,0,1.7641666666666669
172,12,12,0,0,1.8825
173,12,12,0,0,1.7833333333333332
174,12,12,0,0,1.875
175,12,12,0,0,1.8983333333333334
176,12,12,0,0,1.8616666666666666
177,12,12,0,0,1.9349999999999998
178,12,12,0,0,1.9166666666666667
179,12,12,0,0,1.8333333333333333
180,12,12,0,0,1.7591666666666665
181,12,12,0,0,1.8333333333333333
182,12,12,0,0,1.8333333333333333
183,12,12,0,0,1.9425000000000001
184,12,12,0,0,1.875
185,12,12,0,0,1.9583333333333333
186,12,12,0,0,1.9591666666666667
187,12,12,0,0,1.8333333333333333
188,12,12,0,0,2.0
189,12,12,0,0,1.7916666666666667
190,12,12,0,0,1.8800000000000001
191,12,12,0,0,1.9166666666666667
192,12,12,0,0,1.875
193,12,12,0,0,2.0
194,12,12,0,0,1.8175000000000001
195,12,12,0,0,1.875
196,12,12,0,0,1.875
197,12,12,0,0,1.9391666666666667
198,12,12,0,0,1.9166666666666667
199,12,12,0,0,1.8691666666666666
200,12,12,0,0,1.7916666666666667
201,12,12,0,0,1.8333333333333333
202,12,12,0,0,1.8675
203,12,12,0,0,1.9583333333333333
204,12,12,0,0,1.9166666666666667
205,12,12,0,0,1.9166666666666667
206,12,12,0,0,1.8333333333333333
207,12,12,0,0,1.875
208,12,12,0,0,1.9000000000000001
209,12,12,0,0,1.875
210,12,12,0,0,2.0
211,12,12,0,0,1.9583333333333333
212,12,12,0,0,1.9583333333333333
213,12,12,0,0,1.9525
214,12,12,0,0,1.875
215,12,12,0,0,1.9291666666666665
216,12,12,0,0,1.8983333333333334
217,12,12,0,0,1.9241666666666666
218,12,12,0,0,1.9166666666666667
219,12,12,0,0,1.9583333333333333
220,12,12,0,0,1.9066666666666665
221,12,12,0,0,1.7083333333333333
222,12,12,0,0,1.875
223,12,12,0,0,1.9166666666666667
224,12,12,0,0,1.875
225,12,12,0,0,1.8008333333333333
226,12,12,0,0,2.0
227,12,12,0,0,1.7791666666666668
228,12,12,0,0,1.8333333333333333
229,12,12,0,0,1.75
230,12,12,0,0,1.9166666666666667
231,12,12,0,0,1.7916666666666667
232,12,12,0,0,1.8258333333333334
233,12,12,0,0,1.8933333333333333
234,12,12,0,0,1.9583333333333333
235,12,12,0,0,1.7916666666666667
236,12,12,0,0,1.8591666666666669
237,12,12,0,0,1.9166666666666667
238,12,12,0,0,1.8533333333333333
239,12,12,0,0,1.8966666666666667
240,12,12,0,0,1.875
241,12,12,0,0,1.8333333333333333
242,12,12,0,0,1.875
243,12,12,0,0,1.9583333333333333
244,12,12,0,0,1.8741666666666668
245,12,12,0,0,1.9166666666666667
246,12,12,0,0,1.875
247,12,12,0,0,1.9583333333333333
248,12,12,0,0,1.8333333333333333
249,12,12,0,0,1.8333333333333333
250,12,12,0,0,1.8333333333333333
251,12,12,0,0,1.8916666666666666
252,12,12,0,0,1.875
253,12,12,0,0,1.9024999999999999
254,12,12,0,0,1.8916666666666666
255,12,12,0,0,1.7916666666666667
256,12,12,0,0,1.875
257,12,12,0,0,1.7975
258,12,12,0,0,1.7916666666666667
259,12,12,0,0,1.8933333333333333
260,12,12,0,0,1.9166666666666667
261,12,12,0,0,1.875
262,12,12,0,0,1.75
263,12,12,0,0,1.9166666666666667
264,12,12,0,0,1.875
265,12,12,0,0,1.8333333333333333
266,12,12,0,0,1.9166666666666667
267,12,12,0,0,1.8075
268,12,12,0,0,1.9266666666666667
269,12,12,0,0,1.9441666666666666
270,12,12,0,0,1.875
271,12,12,0,0,1.8891666666666669
272,12,12,0,0,1.875
273,12,12,0,0,1.8225
274,12,12,0,0,1.8525
275,12,12,0,0,1.875
276,12,12,0,0,1.9166666666666667
277,12,12,0,0,1.9583333333333333
278,12,12,0,0,1.7916666666666667
279,12,12,0,0,1.7916666666666667
280,12,12,0,0,1.9166666666666667
281,12,12,0,0,1.8333333333333333
282,12,12,0,0,1.9166666666666667
283,12,12,0,0,1.875
284,12,12,0,0,1.875
285,12,12,0,0,1.8333333333333333
286,12,12,0,0,1.8333333333333333
287,12,12,0,0,1.9166666666666667
288,12,12,0,0,1.9041666666666668
289,12,12,0,0,1.875
290,12,12,0,0,1.875
291,12,12,0,0,1.9583333333333333
292,12,12,0,0,1.875
293,12,12,0,0,1.875
294,12,12,0,0,1.9908333333333335
295,12,12,0,0,1.9166666666666667
296,12,12,0,0,1.9166666666666667
297,12,12,0,0,1.875
298,12,12,0,0,1.9191666666666667
299,12,12,0,0,1.9166666666666667
300,12,12,0,0,1.9166666666666667
301,12,12,0,0,1.8975
302,12,12,0,0,1.875
303,12,12,0,0,1.9166666666666667
304,12,12,0,0,1.9166666666666667
305,12,12,0,0,1.8433333333333335
306,12,12,0,0,1.875
307,12,12,0,0,1.9241666666666666
308,12,12,0,0,1.9108333333333334
309,12,12,0,0,1.9583333333333333
310,12,12,0,0,1.7366666666666666
311,12,12,0,0,1.9166666666666667
312,12,12,0,0,1.7749999999999997
313,12,12,0,0,1.9166666666666667
314,12,12,0,0,1.7983333333333331
315,12,12,0,0,1.9166666666666667
316,12,12,0,0,1.7975
317,12,12,0,0,1.8816666666666666
318,12,12,0,0,1.8383333333333336
319,12,12,0,0,1.7916666666666667
320,12,12,0,0,1.9583333333333333
321,12,12,0,0,1.875
322,12,12,0,0,1.875
323,12,12,0,0,1.875
324,12,12,0,0,1.8333333333333333
325,12,12,0,0,1.8399999999999999
326,12,12,0,0,1.8683333333333334
327,12,12,0,0,1.9583333333333333
328,12,12,0,0,1.7916666666666667
329,12,12,0,0,1.7916666666666667
330,12,12,0,0,1.9166666666666667
331,12,12,0,0,1.8991666666666667
332,12,12,0,0,1.8433333333333335
333,12,12,0,0,1.885
334,12,12,0,0,1.8333333333333333
335,12,12,0,0,1.875
336,12,12,0,0,1.9583333333333333
337,12,12,0,0,1.9166666666666667
338,12,12,0,0,1.7916666666666667
339,12,12,0,0,1.875
340,12,12,0,0,1.9166666666666667
341,12,12,0,0,1.875
342,12,12,0,0,1.9583333333333333
343,12,12,0,0,1.875
344,12,12,0,0,1.875
345,12,12,0,0,1.875
346,12,12,0,0,1.8333333333333333
347,12,12,0,0,1.8066666666666666
348,12,12,0,0,1.8666666666666665
349,12,12,0,0,1.9458333333333335
350,12,12,0,0,1.9583333333333333
351,12,12,0,0,1.8333333333333333
352,12,12,0,0,1.9166666666666667
353,12,12,0,0,1.8499999999999999
354,12,12,0,0,1.875
355,12,12,0,0,1.9400000000000002
356,12,12,0,0,2.0
357,12,12,0,0,1.8333333333333333
358,12,12,0,0,1.8541666666666667
359,12,12,0,0,1.8416666666666668
360,12,12,0,0,1.9166666666666667
361,12,12,0,0,1.8816666666666666
362,12,12,0,0,1.9166666666666667
363,12,12,0,0,1.9583333333333333
364,12,12,0,0,1.7916666666666667
365,12,12,0,0,1.9583333333333333
366,12,12,0,0,1.9166666666666667
367,12,12,0,0,1.8758333333333332
368,12,12,0,0,1.8099999999999998
369,12,12,0,0,2.0
370,12,12,0,0,1.9641666666666666
371,12,12,0,0,1.875
372,12,12,0,0,1.875
373,12,12,0,0,1.9100000000000001
374,12,12,0,0,1.9166666666666667
375,12,12,0,0,1.8166666666666667
376,12,12,0,0,1.75
377,12,12,0,0,1.875
378,12,12,0,0,1.8925
379,12,12,0,0,1.9716666666666667
380,12,12,0,0,1.8383333333333336
381,12,12,0,0,1.8908333333333331
382,12,12,0,0,1.7916666666666667
383,12,12,0,0,1.8616666666666666
384,12,12,0,0,1.9583333333333333
385,12,12,0,0,1.9266666666666667
386,12,12,0,0,1.8333333333333333
387,12,12,0,0,1.8658333333333335
388,12,12,0,0,1.9166666666666667
389,12,12,0,0,1.875
390,12,12,0,0,1.875
391,12,12,0,0,1.875
392,12,12,0,0,1.8441666666666665
393,12,12,0,0,1.9583333333333333
394,12,12,0,0,1.75
395,12,12,0,0,1.9108333333333334
396,12,12,0,0,1.8841666666666665
397,12,12,0,0,1.8333333333333333
398,12,12,0,0,1.8433333333333335
399,12,12,0,0,1.8708333333333333
400,12,12,0,0,1.7083333333333333
401,12,12,0,0,1.9166666666666667
402,12,12,0,0,1.8666666666666665
403,12,12,0,0,1.8333333333333333
404,12,12,0,0,1.9258333333333333
405,12,12,0,0,1.8675
406,12,12,0,0,2.0
407,12,12,0,0,1.875
408,12,12,0,0,1.8141666666666667
409,12,12,0,0,1.8333333333333333
410,12,12,0,0,1.9583333333333333
411,12,12,0,0,1.9583333333333333
412,12,12,0,0,1.7991666666666666
413,12,12,0,0,1.875
414,12,12,0,0,1.9166666666666667
415,12,12,0,0,1.7741666666666667
416,12,12,0,0,1.875
417,12,12,0,0,2.0
418,12,12,0,0,1.9583333333333333
419,12,12,0,0,1.7083333333333333
420,12,12,0,0,1.9166666666666667
421,12,12,0,0,1.925
422,12,12,0,0,1.8591666666666666
423,12,12,0,0,1.8433333333333335
424,12,12,0,0,1.9208333333333334
425,12,12,0,0,1.8966666666666665
426,12,12,0,0,1.7141666666666666
427,12,12,0,0,1.9133333333333333
428,12,12,0,0,1.875
429,12,12,0,0,1.9166666666666667
430,12,12,0,0,1.9166666666666667
431,12,12,0,0,1.7916666666666667
432,12,12,0,0,1.9583333333333333
433,12,12,0,0,1.875
434,12,12,0,0,1.7791666666666668
435,12,12,0,0,1.8333333333333333
436,12,12,0,0,1.9266666666666667
437,12,12,0,0,1.8408333333333333
438,12,12,0,0,1.9166666666666667
439,12,12,0,0,1.875
440,12,12,0,0,1.9166666666666667
441,12,12,0,0,1.9583333333333333
442,12,12,0,0,1.9583333333333333
443,12,12,0,0,1.75
444,12,12,0,0,2.0
445,12,12,0,0,1.8150000000000002
446,12,12,0,0,1.9583333333333333
447,12,12,0,0,1.8333333333333333
448,12,12,0,0,1.9166666666666667
449,12,12,0,0,1.8991666666666667
450,12,12,0,0,1.875
451,12,12,0,0,1.875
452,12,12,0,0,1.9583333333333333
453,12,12,0,0,1.8333333333333333
454,12,12,0,0,1.9166666666666667
455,12,12,0,0,1.875
456,12,12,0,0,1.7983333333333331
457,12,12,0,0,2.0
458,12,12,0,0,1.9583333333333333
459,12,12,0,0,1.8333333333333333
460,12,12,0,0,1.8933333333333333
461,12,12,0,0,1.7741666666666667
462,12,12,0,0,1.905
463,12,12,0,0,1.8333333333333333
464,12,12,0,0,1.8766666666666667
465,12,12,0,0,1.765
466,12,12,0,0,1.8941666666666668
467,12,12,0,0,1.875
468,12,12,0,0,1.9166666666666667
469,12,12,0,0,1.7925000000000002
470,12,12,0,0,1.9166666666666667
471,12,12,0,0,1.8708333333333333
472,12,12,0,0,1.9166666666666667
473,12,12,0,0,1.9166666666666667
474,12,12,0,0,1.9024999999999999
475,12,12,0,0,1.8158333333333332
476,12,12,0,0,1.875
477,12,12,0,0,1.9583333333333333
478,12,12,0,0,1.75
479,12,12,0,0,1.8341666666666665
480,12,12,0,0,1.8225
481,12,12,0,0,1.8375000000000001
482,12,12,0,0,1.89
483,12,12,0,0,1.9191666666666667
484,12,12,0,0,1.95
485,12,12,0,0,1.875
486,12,12,0,0,1.8608333333333331
487,12,12,0,0,1.9583333333333333
488,12,12,0,0,1.8333333333333333
489,12,12,0,0,1.8033333333333335
490,12,12,0,0,1.9166666666666667
491,12,12,0,0,1.8
492,12,12,0,0,1.805
493,12,12,0,0,1.9308333333333334
494,12,12,0,0,1.75
495,12,12,0,0,1.8808333333333334
496,12,12,0,0,1.9166666666666667
497,12,12,0,0,1.8191666666666666
498,12,12,0,0,1.8941666666666668
499,12,12,0,0,1.8333333333333333
500,12,12,0,0,2.0
501,12,12,0,0,1.955
502,12,12,0,0,1.9166666666666667
503,12,12,0,0,1.7916666666666667
504,12,12,0,0,1.9583333333333333
505,12,12,0,0,1.9349999999999998
506,12,12,0,0,1.7916666666666667
507,12,12,0,0,1.9158333333333335
508,12,12,0,0,1.8925
509,12,12,0,0,1.9875
510,12,12,0,0,1.875
511,12,12,0,0,1.9166666666666667
512,12,12,0,0,1.8333333333333333
513,12,12,0,0,1.9024999999999999
514,12,12,0,0,1.9333333333333333
515,12,12,0,0,1.875
516,12,12,0,0,1.8333333333333333
517,12,12,0,0,1.7933333333333332
518,12,12,0,0,1.9241666666666666
519,12,12,0,0,1.9166666666666667
520,12,12,0,0,1.9583333333333333
521,12,12,0,0,1.9166666666666667
522,12,12,0,0,1.8766666666666667
523,12,12,0,0,1.75
524,12,12,0,0,1.8591666666666669
525,12,12,0,0,2.0
526,12,12,0,0,1.875
527,12,12,0,0,1.9583333333333333
528,12,12,0,0,1.8333333333333333
529,12,12,0,0,1.8766666666666667
530,12,12,0,0,1.7083333333333333
531,12,12,0,0,1.9166666666666667
532,12,12,0,0,1.875
533,12,12,0,0,1.92
534,12,12,0,0,1.9583333333333333
535,12,12,0,0,1.9166666666666667
536,12,12,0,0,1.8908333333333334
537,12,12,0,0,1.9233333333333331
538,12,12,0,0,1.8808333333333334
539,12,12,0,0,1.8783333333333332
540,12,12,0,0,1.7708333333333333
541,12,12,0,0,1.8333333333333333
542,12,12,0,0,1.8533333333333335
543,12,12,0,0,1.9583333333333333
544,12,12,0,0,2.0
545,12,12,0,0,2.0
546,12,12,0,0,1.7916666666666667
547,12,12,0,0,1.9166666666666667
548,12,12,0,0,1.9383333333333332
549,12,12,0,0,1.875
550,12,12,0,0,1.8333333333333333
551,12,12,0,0,1.75
552,12,12,0,0,1.9166666666666667
553,12,12,0,0,1.9233333333333331
554,12,12,0,0,1.8216666666666665
555,12,12,0,0,1.8583333333333334
556,12,12,0,0,1.9391666666666667
557,12,12,0,0,1.875
558,12,12,0,0,1.7833333333333332
559,12,12,0,0,1.845
560,12,12,0,0,1.9583333333333333
561,12,12,0,0,1.8841666666666665
562,12,12,0,0,1.875
563,12,12,0,0,1.9166666666666667
564,12,12,0,0,1.8125
565,12,12,0,0,1.8908333333333331
566,12,12,0,0,1.8266666666666669
567,12,12,0,0,1.9400000000000002
568,12,12,0,0,1.875
569,12,12,0,0,1.875
570,12,12,0,0,1.875
571,12,12,0,0,1.8783333333333332
572,12,12,0,0,1.8333333333333333
573,12,12,0,0,1.8591666666666669
574,12,12,0,0,1.9324999999999999
575,12,12,0,0,1.8808333333333334
576,12,12,0,0,1.8333333333333333
577,12,12,0,0,1.9400000000000002
578,12,12,0,0,1.9166666666666667
579,12,12,0,0,1.8333333333333333
580,12,12,0,0,1.9075
581,12,12,0,0,1.9166666666666667
582,12,12,0,0,1.9166666666666667
583,12,12,0,0,1.9166666666666667
584,12,12,0,0,1.9166666666666667
585,12,12,0,0,1.875
586,12,12,0,0,1.8808333333333334
587,12,12,0,0,1.8333333333333333
588,12,12,0,0,1.875
589,12,12,0,0,1.8333333333333333
590,12,12,0,0,1.9166666666666667
591,12,12,0,0,1.875
592,12,12,0,0,1.875
593,12,12,0,0,1.8408333333333333
594,12,12,0,0,1.9166666666666667
595,12,12,0,0,1.7916666666666667
596,12,12,0,0,1.8183333333333334
597,12,12,0,0,1.9166666666666667
598,12,12,0,0,1.8266666666666669
599,12,12,0,0,1.9124999999999999
600,12,12,0,0,1.9458333333333335
601,12,12,0,0,1.875
602,12,12,0,0,1.875
603,12,12,0,0,1.7716666666666665
604,12,12,0,0,1.8633333333333333
605,12,12,0,0,1.8016666666666667
606,12,12,0,0,1.8333333333333333
607,12,12,0,0,1.875
608,12,12,0,0,1.7916666666666667
609,12,12,0,0,1.8333333333333333
610,12,12,0,0,1.8333333333333333
611,12,12,0,0,1.875
612,12,12,0,0,1.9583333333333333
613,12,12,0,0,1.7916666666666667
614,12,12,0,0,1.8025
615,12,12,0,0,1.9433333333333334
616,12,12,0,0,1.7916666666666667
617,12,12,0,0,1.8375000000000001
618,12,12,0,0,1.9166666666666667
619,12,12,0,0,1.8716666666666668
620,12,12,0,0,1.875
621,12,12,0,0,1.875
622,12,12,0,0,1.8458333333333332
623,12,12,0,0,1.9166666666666667
624,12,12,0,0,1.9216666666666669
625,12,12,0,0,1.9583333333333333
626,12,12,0,0,1.9166666666666667
627,12,12,0,0,1.9583333333333333
628,12,12,0,0,1.875
629,12,12,0,0,1.875
630,12,12,0,0,1.8025000000000002
631,12,12,0,0,1.9166666666666667
632,12,12,0,0,1.9166666666666667
633,12,12,0,0,1.9208333333333334
634,12,12,0,0,1.9124999999999999
635,12,12,0,0,1.9349999999999998
636,12,12,0,0,1.875
637,12,12,0,0,2.0
638,12,12,0,0,1.8333333333333333
639,12,12,0,0,1.8816666666666666
640,12,12,0,0,1.8433333333333335
641,12,12,0,0,1.9166666666666667
642,12,12,0,0,1.9400000000000002
643,12,12,0,0,1.8591666666666666
644,12,12,0,0,1.89
645,12,12,0,0,1.9866666666666666
646,12,12,0,0,1.9166666666666667
647,12,12,0,0,1.845
648,12,12,0,0,1.9166666666666667
649,12,12,0,0,1.9166666666666667
650,12,12,0,0,1.9166666666666667
651,12,12,0,0,1.7083333333333333
652,12,12,0,0,1.7916666666666667
653,12,12,0,0,1.9166666666666667
654,12,12,0,0,1.9583333333333333
655,12,12,0,0,2.0
656,12,12,0,0,1.9166666666666667
657,12,12,0,0,1.9116666666666664
658,12,12,0,0,1.9583333333333333
659,12,12,0,0,1.9166666666666667
660,12,12,0,0,1.875
661,12,12,0,0,1.9291666666666665
662,12,12,0,0,1.7916666666666667
663,12,12,0,0,1.8333333333333333
664,12,12,0,0,1.9583333333333333
665,12,12,0,0,1.7916666666666667
666,12,12,0,0,1.7966666666666669
667,12,12,0,0,1.9075
668,12,12,0,0,1.8333333333333333
669,12,12,0,0,1.875
670,12,12,0,0,1.8966666666666665
671,12,12,0,0,1.9583333333333333
672,12,12,0,0,1.8333333333333333
673,12,12,0,0,2.0
674,12,12,0,0,1.8791666666666667
675,12,12,0,0,1.9166666666666667
676,12,12,0,0,1.875
677,12,12,0,0,1.8658333333333335
678,12,12,0,0,1.9166666666666667
679,12,12,0,0,1.9166666666666667
680,12,12,0,0,1.8233333333333333
681,12,12,0,0,1.8550000000000002
682,12,12,0,0,1.8733333333333333
683,12,12,0,0,1.9141666666666666
684,12,12,0,0,1.9341666666666668
685,12,12,0,0,1.9100000000000001
686,12,12,0,0,1.8983333333333334
687,12,12,0,0,1.75
688,12,12,0,0,1.844166666666667
689,12,12,0,0,1.8175000000000001
690,12,12,0,0,1.875
691,12,12,0,0,1.9166666666666667
692,12,12,0,0,1.9166666666666667
693,12,12,0,0,1.9166666666666667
694,12,12,0,0,1.88
695,12,12,0,0,1.9225
696,12,12,0,0,1.875
697,12,12,0,0,1.9358333333333333
698,12,12,0,0,1.9166666666666667
699,12,12,0,0,1.9583333333333333
700,12,12,0,0,1.905
701,12,12,0,0,1.8825
702,12,12,0,0,1.7908333333333333
703,12,12,0,0,1.9583333333333333
704,12,12,0,0,1.8483333333333334
705,12,12,0,0,1.9166666666666667
706,12,12,0,0,1.9075
707,12,12,0,0,1.9041666666666668
708,12,12,0,0,1.9516666666666669
709,12,12,0,0,1.8333333333333333
710,12,12,0,0,1.9175000000000002
711,12,12,0,0,1.7916666666666667
712,12,12,0,0,1.875
713,12,12,0,0,1.9166666666666667
714,12,12,0,0,1.9166666666666667
715,12,12,0,0,1.9166666666666667
716,12,12,0,0,1.8891666666666669
717,12,12,0,0,1.8883333333333334
718,12,12,0,0,1.7916666666666667
719,12,12,0,0,1.8333333333333333
720,12,12,0,0,1.8333333333333333
721,12,12,0,0,1.9400000000000002
722,12,12,0,0,1.75
723,12,12,0,0,1.75
724,12,12,0,0,2.0
725,12,12,0,0,1.8683333333333332
726,12,12,0,0,1.7183333333333335
727,12,12,0,0,1.8191666666666666
728,12,12,0,0,1.9166666666666667
729,12,12,0,0,1.9716666666666667
730,12,12,0,0,1.9408333333333332
731,12,12,0,0,1.7916666666666667
732,12,12,0,0,1.7924999999999998
733,12,12,0,0,1.875
734,12,12,0,0,1.8483333333333334
735,12,12,0,0,1.9166666666666667
736,12,12,0,0,1.7916666666666667
737,12,12,0,0,1.9433333333333334
738,12,12,0,0,1.9583333333333333
739,12,12,0,0,1.875
740,12,12,0,0,1.875
741,12,12,0,0,1.8683333333333334
742,12,12,0,0,1.7891666666666666
743,12,12,0,0,1.8333333333333333
744,12,12,0,0,1.8591666666666669
745,12,12,0,0,1.875
746,12,12,0,0,1.8949999999999998
747,12,12,0,0,1.9166666666666667
748,12,12,0,0,1.875
749,12,12,0,0,1.8333333333333333
750,12,12,0,0,1.7916666666666667
751,12,12,0,0,1.9333333333333333
752,12,12,0,0,1.8333333333333333
753,12,12,0,0,1.875
754,12,12,0,0,1.875
755,12,12,0,0,1.875
756,12,12,0,0,1.9583333333333333
757,12,12,0,0,1.8616666666666666
758,12,12,0,0,1.8141666666666667
759,12,12,0,0,1.9166666666666667
760,12,12,0,0,1.8441666666666665
761,12,12,0,0,1.875
762,12,12,0,0,1.89
763,12,12,0,0,1.7916666666666667
764,12,12,0,0,1.8333333333333333
765,12,12,0,0,1.9441666666666666
766,12,12,0,0,1.7916666666666667
767,12,12,0,0,1.8333333333333333
768,12,12,0,0,1.9166666666666667
769,12,12,0,0,1.875
770,12,12,0,0,1.8333333333333333
771,12,12,0,0,1.8333333333333333
772,12,12,0,0,1.8333333333333333
773,12,12,0,0,1.8333333333333333
774,12,12,0,0,1.7841666666666667
775,12,12,0,0,1.9166666666666667
776,12,12,0,0,1.7783333333333333
777,12,12,0,0,1.905
778,12,12,0,0,1.9583333333333333
779,12,12,0,0,1.8058333333333334
780,12,12,0,0,1.8733333333333333
781,12,12,0,0,1.9166666666666667
782,12,12,0,0,1.9166666666666667
783,12,12,0,0,1.875
784,12,12,0,0,1.875
785,12,12,0,0,1.9166666666666667
786,12,12,0,0,1.875
787,12,12,0,0,1.8591666666666669
788,12,12,0,0,1.9166666666666667
789,12,12,0,0,1.8333333333333333
790,12,12,0,0,1.875
791,12,12,0,0,1.8333333333333333
792,12,12,0,0,1.875
793,12,12,0,0,1.875
794,12,12,0,0,1.8333333333333333
795,12,12,0,0,1.8333333333333333
796,12,12,0,0,1.8333333333333333
797,12,12,0,0,1.8408333333333333
798,12,12,0,0,1.8758333333333335
799,12,12,0,0,1.9166666666666667
800,12,12,0,0,1.875
801,12,12,0,0,1.9166666666666667
802,12,12,0,0,1.7691666666666668
803,12,12,0,0,1.8333333333333333
804,12,12,0,0,1.9191666666666667
805,12,12,0,0,1.8241666666666667
806,12,12,0,0,1.8333333333333333
807,12,12,0,0,1.9516666666666669
808,12,12,0,0,1.78
809,12,12,0,0,1.8650000000000002
810,12,12,0,0,1.9166666666666667
811,12,12,0,0,1.9408333333333332
812,12,12,0,0,1.7558333333333334
813,12,12,0,0,1.875
814,12,12,0,0,1.8800000000000001
815,12,12,0,0,1.9166666666666667
816,12,12,0,0,1.8
817,12,12,0,0,1.8533333333333335
818,12,12,0,0,1.7916666666666667
819,12,12,0,0,1.75
820,12,12,0,0,1.875
821,12,12,0,0,1.7916666666666667
822,12,12,0,0,1.8383333333333336
823,12,12,0,0,1.8724999999999998
824,12,12,0,0,1.875
825,12,12,0,0,1.9166666666666667
826,12,12,0,0,1.8724999999999998
827,12,12,0,0,1.9583333333333333
828,12,12,0,0,1.875
829,12,12,0,0,1.9583333333333333
830,12,12,0,0,1.8291666666666666
831,12,12,0,0,1.9166666666666667
832,12,12,0,0,1.9275
833,12,12,0,0,2.0
834,12,12,0,0,2.0
835,12,12,0,0,1.875
836,12,12,0,0,1.8875
837,12,12,0,0,1.8916666666666666
838,12,12,0,0,1.9166666666666667
839,12,12,0,0,1.875
840,12,12,0,0,1.8333333333333333
841,12,12,0,0,1.8733333333333333
842,12,12,0,0,1.7916666666666667
843,12,12,0,0,1.875
844,12,12,0,0,1.8333333333333333
845,12,12,0,0,1.7916666666666667
846,12,12,0,0,1.8816666666666666
847,12,12,0,0,1.7916666666666667
848,12,12,0,0,1.9100000000000001
849,12,12,0,0,1.8074999999999999
850,12,12,0,0,1.8108333333333333
851,12,12,0,0,2.0
852,12,12,0,0,1.8958333333333333
853,12,12,0,0,1.875
854,12,12,0,0,1.8333333333333333
855,12,12,0,0,1.875
856,12,12,0,0,1.8808333333333334
857,12,12,0,0,1.9133333333333333
858,12,12,0,0,1.875
859,12,12,0,0,1.9583333333333333
860,12,12,0,0,1.9583333333333333
861,12,12,0,0,1.8191666666666666
862,12,12,0,0,1.9166666666666667
863,12,12,0,0,1.9583333333333333
864,12,12,0,0,1.8333333333333333
865,12,12,0,0,1.9891666666666667
866,12,12,0,0,1.7966666666666669
867,12,12,0,0,1.9183333333333332
868,12,12,0,0,1.9166666666666667
869,12,12,0,0,1.875
870,12,12,0,0,1.9583333333333333
871,12,12,0,0,1.835
872,12,12,0,0,1.7275
873,12,12,0,0,1.8333333333333333
874,12,12,0,0,1.875
875,12,12,0,0,1.9191666666666667
876,12,12,0,0,1.9000000000000001
877,12,12,0,0,1.8333333333333333
878,12,12,0,0,1.875
879,12,12,0,0,1.8883333333333334
880,12,12,0,0,1.9166666666666667
881,12,12,0,0,1.7916666666666667
882,12,12,0,0,1.9166666666666667
883,12,12,0,0,1.9166666666666667
884,12,12,0,0,1.8966666666666667
885,12,12,0,0,1.7658333333333331
886,12,12,0,0,1.9425000000000001
887,12,12,0,0,1.9583333333333333
888,12,12,0,0,1.9166666666666667
889,12,12,0,0,1.9583333333333333
890,12,12,0,0,1.75
891,12,12,0,0,1.8333333333333333
892,12,12,0,0,1.8541666666666667
893,12,12,0,0,1.9583333333333333
894,12,12,0,0,1.8541666666666667
895,12,12,0,0,1.8991666666666667
896,12,12,0,0,1.8783333333333332
897,12,12,0,0,1.875
898,12,12,0,0,1.8691666666666666
899,12,12,0,0,1.9100000000000001
900,12,12,0,0,1.8041666666666665
901,12,12,0,0,1.9166666666666667
902,12,12,0,0,1.9166666666666667
903,12,12,0,0,1.8341666666666665
904,12,12,0,0,1.8333333333333333
905,12,12,0,0,1.9583333333333333
906,12,12,0,0,1.7808333333333335
907,12,12,0,0,1.7941666666666667
908,12,12,0,0,1.925
909,12,12,0,0,2.0
910,12,12,0,0,1.8616666666666666
911,12,12,0,0,1.9808333333333332
912,12,12,0,0,1.875
913,12,12,0,0,1.9583333333333333
914,12,12,0,0,1.875
915,12,12,0,0,1.9166666666666667
916,12,12,0,0,1.875
917,12,12,0,0,1.7941666666666667
918,12,12,0,0,1.875
919,12,12,0,0,1.9583333333333333
920,12,12,0,0,1.9583333333333333
921,12,12,0,0,1.8358333333333334
922,12,12,0,0,1.8675
923,12,12,0,0,1.9166666666666667
924,12,12,0,0,1.8441666666666665
925,12,12,0,0,1.9583333333333333
926,12,12,0,0,1.9166666666666667
927,12,12,0,0,1.8333333333333333
928,12,12,0,0,1.875
929,12,12,0,0,1.875
930,12,12,0,0,1.875
931,12,12,0,0,1.8858333333333333
932,12,12,0,0,1.75
933,12,12,0,0,1.875
934,12,12,0,0,1.8933333333333333
935,12,12,0,0,1.9583333333333333
936,12,12,0,0,1.7916666666666667
937,12,12,0,0,1.7916666666666667
938,12,12,0,0,1.8333333333333333
939,12,12,0,0,1.9158333333333335
940,12,12,0,0,1.9166666666666667
941,12,12,0,0,1.9533333333333331
942,12,12,0,0,1.8791666666666667
943,12,12,0,0,1.9166666666666667
944,12,12,0,0,1.9858333333333331
945,12,12,0,0,1.8191666666666666
946,12,12,0,0,1.8333333333333333
947,12,12,0,0,1.8333333333333333
948,12,12,0,0,1.8533333333333333
949,12,12,0,0,1.9166666666666667
950,12,12,0,0,1.875
951,12,12,0,0,1.8333333333333333
952,12,12,0,0,1.9416666666666667
953,12,12,0,0,1.875
954,12,12,0,0,1.905
955,12,12,0,0,1.9108333333333334
956,12,12,0,0,1.875
957,12,12,0,0,1.9349999999999998
958,12,12,0,0,1.8333333333333333
959,12,12,0,0,1.9583333333333333
960,12,12,0,0,1.9166666666666667
961,12,12,0,0,1.8583333333333334
962,12,12,0,0,1.875
963,12,12,0,0,1.9166666666666667
964,12,12,0,0,1.8333333333333333
965,12,12,0,0,1.8333333333333333
966,12,12,0,0,1.875
967,12,12,0,0,1.9166666666666667
968,12,12,0,0,1.7975
969,12,12,0,0,1.9166666666666667
970,12,12,0,0,1.9166666666666667
971,12,12,0,0,1.8333333333333333
972,12,12,0,0,1.8416666666666668
973,12,12,0,0,1.8433333333333335
974,12,12,0,0,1.8333333333333333
975,12,12,0,0,2.0
976,12,12,0,0,1.8566666666666667
977,12,12,0,0,1.9166666666666667
978,12,12,0,0,1.9166666666666667
979,12,12,0,0,1.8383333333333336
980,12,12,0,0,1.9166666666666667
981,12,12,0,0,1.875
982,12,12,0,0,1.9166666666666667
983,12,12,0,0,1.9166666666666667
984,12,12,0,0,1.9583333333333333
985,12,12,0,0,1.9366666666666668
986,12,12,0,0,1.8708333333333333
987,12,12,0,0,2.0
988,12,12,0,0,1.875
989,12,12,0,0,1.7558333333333334
990,12,12,0,0,1.8333333333333333
991,12,12,0,0,1.8741666666666668
992,12,12,0,0,1.8908333333333331
993,12,12,0,0,1.8699999999999999
994,12,12,0,0,1.7916666666666667
995,12,12,0,0,1.9166666666666667
996,12,12,0,0,1.8099999999999998
997,12,12,0,0,1.9583333333333333
998,12,12,0,0,1.9583333333333333
999,12,12,0,0,1.7916666666666667
