n_failed_parse,n_pairs,n_success,path_id,avg_efficiency,n_missing_F_or_R
0,21,21,0,1.8147619047619048,0
0,21,21,1,1.7266666666666666,0
0,21,21,2,1.7566666666666666,0
0,21,21,3,1.7966666666666664,0
0,21,21,4,1.679047619047619,0
0,21,21,5,1.6985714285714286,0
0,22,22,6,1.7645454545454546,0
0,21,21,7,1.7857142857142858,0
0,21,21,8,1.7685714285714287,0
0,21,21,9,1.7142857142857142,0
0,22,22,10,1.8181818181818181,0
0,21,21,11,1.7857142857142858,0
0,21,21,12,1.7757142857142856,0
0,21,21,13,1.7461904761904763,0
0,21,21,14,1.7580952380952382,0
0,21,21,15,1.7142857142857142,0
0,21,21,16,1.7104761904761905,0
0,21,21,17,1.7566666666666666,0
0,21,21,18,1.7142857142857142,0
0,21,21,19,1.6866666666666668,0
0,22,22,20,1.9090909090909092,0
0,21,21,21,1.7142857142857142,0
0,21,21,22,1.6833333333333333,0
0,22,22,23,1.7727272727272727,0
0,21,21,24,1.7376190476190476,0
0,21,21,25,1.7271428571428569,0
0,21,21,26,1.8333333333333333,0
0,21,21,27,1.6990476190476191,0
0,21,21,28,1.6228571428571428,0
0,21,21,29,1.7857142857142858,0
0,21,21,30,1.7380952380952381,0
0,22,22,31,1.7586363636363636,0
0,21,21,32,1.825238095238095,0
0,22,22,33,1.7627272727272727,0
0,21,21,34,1.6223809523809525,0
0,21,21,35,1.8095238095238095,0
0,21,21,36,1.7619047619047619,0
0,21,21,37,1.7171428571428569,0
0,22,22,38,1.8059090909090911,0
0,21,21,39,1.6647619047619049,0
0,21,21,40,1.74,0
0,22,22,41,1.7495454545454547,0
0,21,21,42,1.7285714285714284,0
0,21,21,43,1.7152380952380955,0
0,22,22,44,1.8409090909090908,0
0,21,21,45,1.8266666666666667,0
0,21,21,46,1.7219047619047618,0
0,21,21,47,1.7685714285714287,0
0,22,22,48,1.8031818181818182,0
0,21,21,49,1.7857142857142858,0
0,21,21,50,1.7619047619047619,0
0,21,21,51,1.7509523809523808,0
0,21,21,52,1.747142857142857,0
0,21,21,53,1.7247619047619047,0
0,22,22,54,1.7986363636363636,0
0,21,21,55,1.8176190476190477,0
0,21,21,56,1.7857142857142858,0
0,21,21,57,1.731904761904762,0
0,22,22,58,1.844090909090909,0
0,21,21,59,1.7142857142857142,0
0,21,21,60,1.6428571428571428,0
0,21,21,61,1.8438095238095238,0
0,22,22,62,1.7868181818181819,0
0,21,21,63,1.694761904761905,0
0,21,21,64,1.739047619047619,0
0,21,21,65,1.7619047619047619,0
0,21,21,66,1.7152380952380955,0
0,21,21,67,1.706190476190476,0
0,22,22,68,1.8181818181818181,0
0,21,21,69,1.7142857142857142,0
0,21,21,70,1.75,0
0,21,21,71,1.8076190476190477,0
0,21,21,72,1.8038095238095235,0
0,22,22,73,1.7663636363636364,0
0,22,22,74,1.7954545454545454,0
0,21,21,75,1.8095238095238095,0
0,21,21,76,1.7833333333333334,0
0,21,21,77,1.7619047619047619,0
0,21,21,78,1.7580952380952382,0
0,21,21,79,1.6904761904761905,0
0,21,21,80,1.8333333333333333,0
0,21,21,81,1.6795238095238094,0
0,22,22,82,1.75,0
0,22,22,83,1.785,0
0,21,21,84,1.7333333333333332,0
0,21,21,85,1.7290476190476192,0
0,21,21,86,1.6914285714285715,0
0,21,21,87,1.6933333333333334,0
0,21,21,88,1.7361904761904763,0
0,22,22,89,1.8436363636363637,0
0,21,21,90,1.7828571428571427,0
0,21,21,91,1.8199999999999998,0
0,21,21,92,1.7099999999999997,0
0,21,21,93,1.7180952380952381,0
0,22,22,94,1.8709090909090909,0
0,22,22,95,1.7822727272727272,0
0,21,21,96,1.768095238095238,0
0,21,21,97,1.8095238095238095,0
0,21,21,98,1.7142857142857142,0
0,22,22,99,1.7995454545454548,0
0,21,21,100,1.7142857142857142,0
0,21,21,101,1.8285714285714285,0
0,21,21,102,1.8057142857142858,0
0,21,21,103,1.7380952380952381,0
0,21,21,104,1.7857142857142858,0
0,22,22,105,1.7954545454545454,0
0,21,21,106,1.7833333333333332,0
0,21,21,107,1.7828571428571427,0
0,21,21,108,1.7142857142857142,0
0,21,21,109,1.7519047619047619,0
0,21,21,110,1.7004761904761905,0
0,21,21,111,1.7485714285714284,0
0,21,21,112,1.7042857142857142,0
0,21,21,113,1.6923809523809523,0
0,21,21,114,1.7619047619047619,0
0,21,21,115,1.6666666666666667,0
0,21,21,116,1.7738095238095237,0
0,22,22,117,1.8495454545454544,0
0,21,21,118,1.8095238095238095,0
0,21,21,119,1.7223809523809526,0
0,21,21,120,1.7533333333333334,0
0,21,21,121,1.7380952380952381,0
0,21,21,122,1.7995238095238095,0
0,21,21,123,1.7495238095238093,0
0,21,21,124,1.716190476190476,0
0,21,21,125,1.720952380952381,0
0,21,21,126,1.7576190476190474,0
0,21,21,127,1.697142857142857,0
0,21,21,128,1.7276190476190476,0
0,21,21,129,1.768095238095238,0
0,21,21,130,1.7133333333333336,0
0,21,21,131,1.7857142857142858,0
0,21,21,132,1.7380952380952381,0
0,22,22,133,1.75,0
0,22,22,134,1.8672727272727272,0
0,21,21,135,1.8452380952380953,0
0,21,21,136,1.7704761904761905,0
0,21,21,137,1.6852380952380952,0
0,21,21,138,1.8095238095238095,0
0,21,21,139,1.779047619047619,0
0,22,22,140,1.7645454545454546,0
0,21,21,141,1.7466666666666666,0
0,21,21,142,1.7142857142857142,0
0,21,21,143,1.7104761904761905,0
0,21,21,144,1.7361904761904763,0
0,21,21,145,1.7928571428571427,0
0,21,21,146,1.7604761904761905,0
0,21,21,147,1.7028571428571428,0
0,21,21,148,1.653809523809524,0
0,21,21,149,1.6228571428571428,0
0,21,21,150,1.7142857142857142,0
0,21,21,151,1.7466666666666666,0
0,22,22,152,1.8181818181818181,0
0,21,21,153,1.8085714285714287,0
0,21,21,154,1.8095238095238095,0
0,21,21,155,1.7252380952380955,0
0,21,21,156,1.6757142857142857,0
0,22,22,157,1.7954545454545454,0
0,21,21,158,1.7619047619047619,0
0,21,21,159,1.6738095238095236,0
0,22,22,160,1.7954545454545454,0
0,22,22,161,1.8281818181818181,0
0,22,22,162,1.8636363636363635,0
0,21,21,163,1.7619047619047619,0
0,21,21,164,1.8552380952380954,0
0,22,22,165,1.745,0
0,21,21,166,1.8152380952380955,0
0,22,22,167,1.8409090909090908,0
0,22,22,168,1.8363636363636366,0
0,21,21,169,1.7180952380952381,0
0,21,21,170,1.7619047619047619,0
0,21,21,171,1.8233333333333337,0
0,22,22,172,1.7559090909090906,0
0,21,21,173,1.8333333333333333,0
0,21,21,174,1.7242857142857144,0
0,21,21,175,1.7857142857142858,0
0,21,21,176,1.7142857142857142,0
0,21,21,177,1.7871428571428571,0
0,21,21,178,1.7138095238095237,0
0,21,21,179,1.7619047619047619,0
0,21,21,180,1.6980952380952379,0
0,21,21,181,1.6880952380952383,0
0,21,21,182,1.8219047619047621,0
0,21,21,183,1.788095238095238,0
0,21,21,184,1.7723809523809524,0
0,21,21,185,1.8157142857142858,0
0,22,22,186,1.9090909090909092,0
0,21,21,187,1.677142857142857,0
0,21,21,188,1.7495238095238097,0
0,22,22,189,1.8863636363636365,0
0,21,21,190,1.7142857142857142,0
0,21,21,191,1.749047619047619,0
0,22,22,192,1.7986363636363636,0
0,21,21,193,1.739047619047619,0
0,21,21,194,1.6666666666666667,0
0,21,21,195,1.7252380952380955,0
0,22,22,196,1.866818181818182,0
0,21,21,197,1.7142857142857142,0
0,21,21,198,1.6614285714285715,0
0,21,21,199,1.619047619047619,0
0,21,21,200,1.7304761904761907,0
0,21,21,201,1.8452380952380953,0
0,21,21,202,1.8157142857142854,0
0,21,21,203,1.6666666666666667,0
0,21,21,204,1.73952380952381,0
0,21,21,205,1.7204761904761903,0
0,21,21,206,1.8338095238095238,0
0,22,22,207,1.741818181818182,0
0,21,21,208,1.7619047619047619,0
0,22,22,209,1.7927272727272727,0
0,21,21,210,1.7809523809523808,0
0,22,22,211,1.8586363636363636,0
0,22,22,212,1.7954545454545454,0
0,21,21,213,1.8666666666666667,0
0,21,21,214,1.7142857142857142,0
0,22,22,215,1.7727272727272727,0
0,21,21,216,1.8061904761904761,0
0,22,22,217,1.8181818181818181,0
0,21,21,218,1.7514285714285716,0
0,21,21,219,1.7871428571428571,0
0,21,21,220,1.6271428571428572,0
0,21,21,221,1.7276190476190476,0
0,21,21,222,1.645714285714286,0
0,21,21,223,1.8095238095238095,0
0,22,22,224,1.7568181818181818,0
0,21,21,225,1.7166666666666666,0
0,21,21,226,1.7380952380952381,0
0,22,22,227,1.765,0
0,21,21,228,1.752857142857143,0
0,22,22,229,1.8031818181818182,0
0,21,21,230,1.6614285714285715,0
0,21,21,231,1.7619047619047619,0
0,21,21,232,1.7857142857142858,0
0,21,21,233,1.8095238095238095,0
0,21,21,234,1.7619047619047619,0
0,21,21,235,1.8395238095238093,0
0,22,22,236,1.7509090909090907,0
0,21,21,237,1.7147619047619047,0
0,21,21,238,1.6428571428571428,0
0,21,21,239,1.8447619047619048,0
0,21,21,240,1.7509523809523808,0
0,21,21,241,1.7195238095238095,0
0,21,21,242,1.7180952380952381,0
0,21,21,243,1.7619047619047619,0
0,21,21,244,1.7795238095238097,0
0,21,21,245,1.8042857142857143,0
0,22,22,246,1.7736363636363637,0
0,22,22,247,1.7322727272727272,0
0,21,21,248,1.7142857142857142,0
0,21,21,249,1.7619047619047619,0
0,21,21,250,1.8095238095238095,0
0,22,22,251,1.7727272727272727,0
0,21,21,252,1.7766666666666668,0
0,22,22,253,1.8036363636363633,0
0,22,22,254,1.7631818181818182,0
0,21,21,255,1.8333333333333333,0
0,22,22,256,1.75,0
0,21,21,257,1.8333333333333333,0
0,21,21,258,1.619047619047619,0
0,21,21,259,1.7085714285714284,0
0,22,22,260,1.7954545454545454,0
0,22,22,261,1.7459090909090909,0
0,21,21,262,1.7857142857142858,0
0,21,21,263,1.7261904761904763,0
0,22,22,264,1.8181818181818181,0
0,21,21,265,1.7857142857142858,0
0,21,21,266,1.7142857142857142,0
0,21,21,267,1.7619047619047619,0
0,21,21,268,1.7414285714285715,0
0,22,22,269,1.7895454545454548,0
0,21,21,270,1.7380952380952381,0
0,22,22,271,1.9318181818181819,0
0,21,21,272,1.7480952380952381,0
0,21,21,273,1.6904761904761905,0
0,22,22,274,1.875,0
0,21,21,275,1.8404761904761904,0
0,21,21,276,1.7642857142857142,0
0,21,21,277,1.7142857142857142,0
0,21,21,278,1.6923809523809523,0
0,21,21,279,1.6900000000000002,0
0,21,21,280,1.7619047619047619,0
0,21,21,281,1.820952380952381,0
0,21,21,282,1.7476190476190478,0
0,21,21,283,1.7171428571428573,0
0,22,22,284,1.7904545454545455,0
0,21,21,285,1.813809523809524,0
0,21,21,286,1.6909523809523808,0
0,22,22,287,1.820909090909091,0
0,21,21,288,1.7380952380952381,0
0,21,21,289,1.841904761904762,0
0,21,21,290,1.7380952380952381,0
0,21,21,291,1.7538095238095237,0
0,21,21,292,1.773333333333333,0
0,21,21,293,1.6923809523809528,0
0,21,21,294,1.7485714285714284,0
0,22,22,295,1.7663636363636364,0
0,21,21,296,1.7695238095238093,0
0,21,21,297,1.7757142857142856,0
0,21,21,298,1.805238095238095,0
0,21,21,299,1.7671428571428571,0
0,21,21,300,1.7380952380952381,0
0,21,21,301,1.8119047619047617,0
0,21,21,302,1.7076190476190476,0
0,21,21,303,1.764761904761905,0
0,21,21,304,1.7485714285714284,0
0,21,21,305,1.7433333333333334,0
0,21,21,306,1.7142857142857142,0
0,21,21,307,1.7823809523809524,0
0,21,21,308,1.783809523809524,0
0,21,21,309,1.7314285714285713,0
0,22,22,310,1.76,0
0,21,21,311,1.7619047619047619,0
0,21,21,312,1.6785714285714286,0
0,21,21,313,1.739047619047619,0
0,22,22,314,1.697272727272727,0
0,21,21,315,1.7671428571428571,0
0,21,21,316,1.7614285714285716,0
0,21,21,317,1.8738095238095238,0
0,21,21,318,1.7642857142857142,0
0,22,22,319,1.6818181818181819,0
0,21,21,320,1.6833333333333333,0
0,21,21,321,1.6923809523809523,0
0,21,21,322,1.6942857142857142,0
0,21,21,323,1.6904761904761905,0
0,21,21,324,1.711904761904762,0
0,21,21,325,1.779047619047619,0
0,22,22,326,1.720909090909091,0
0,21,21,327,1.7257142857142855,0
0,22,22,328,1.8863636363636365,0
0,21,21,329,1.7857142857142858,0
0,21,21,330,1.7099999999999997,0
0,21,21,331,1.838571428571429,0
0,21,21,332,1.7538095238095237,0
0,22,22,333,1.7272727272727273,0
0,21,21,334,1.810952380952381,0
0,21,21,335,1.7957142857142858,0
0,21,21,336,1.8095238095238095,0
0,21,21,337,1.7661904761904763,0
0,21,21,338,1.7142857142857142,0
0,21,21,339,1.725238095238095,0
0,21,21,340,1.8195238095238095,0
0,21,21,341,1.7285714285714284,0
0,21,21,342,1.7142857142857142,0
0,21,21,343,1.7466666666666666,0
0,21,21,344,1.72,0
0,21,21,345,1.7452380952380953,0
0,21,21,346,1.7619047619047619,0
0,22,22,347,1.705909090909091,0
0,21,21,348,1.7985714285714285,0
0,21,21,349,1.7195238095238095,0
0,21,21,350,1.7142857142857142,0
0,21,21,351,1.67,0
0,21,21,352,1.7900000000000003,0
0,22,22,353,1.7981818181818183,0
0,21,21,354,1.8023809523809524,0
0,21,21,355,1.6785714285714286,0
0,21,21,356,1.8095238095238095,0
0,21,21,357,1.7619047619047619,0
0,21,21,358,1.7857142857142858,0
0,21,21,359,1.6666666666666667,0
0,21,21,360,1.6904761904761905,0
0,21,21,361,1.6761904761904762,0
0,21,21,362,1.7028571428571428,0
0,22,22,363,1.7727272727272727,0
0,21,21,364,1.8071428571428574,0
0,21,21,365,1.7619047619047619,0
0,21,21,366,1.7380952380952381,0
0,21,21,367,1.8414285714285714,0
0,21,21,368,1.7395238095238095,0
0,21,21,369,1.7780952380952382,0
0,22,22,370,1.7954545454545454,0
0,21,21,371,1.740952380952381,0
0,21,21,372,1.6738095238095236,0
0,21,21,373,1.6666666666666667,0
0,21,21,374,1.6523809523809525,0
0,21,21,375,1.7004761904761905,0
0,22,22,376,1.7572727272727275,0
0,21,21,377,1.7928571428571427,0
0,21,21,378,1.6904761904761905,0
0,21,21,379,1.7019047619047616,0
0,22,22,380,1.8672727272727272,0
0,21,21,381,1.7633333333333334,0
0,21,21,382,1.7466666666666666,0
0,21,21,383,1.8095238095238095,0
0,22,22,384,1.852727272727273,0
0,21,21,385,1.862857142857143,0
0,22,22,386,1.7913636363636363,0
0,21,21,387,1.7099999999999997,0
0,21,21,388,1.7380952380952381,0
0,22,22,389,1.8104545454545453,0
0,21,21,390,1.7038095238095239,0
0,21,21,391,1.7290476190476192,0
0,21,21,392,1.8095238095238095,0
0,21,21,393,1.8095238095238095,0
0,21,21,394,1.8095238095238095,0
0,22,22,395,1.7954545454545454,0
0,21,21,396,1.7623809523809524,0
0,21,21,397,1.7142857142857142,0
0,21,21,398,1.7042857142857142,0
0,21,21,399,1.7995238095238095,0
0,21,21,400,1.7380952380952381,0
0,21,21,401,1.7423809523809526,0
0,21,21,402,1.7380952380952381,0
0,21,21,403,1.7619047619047619,0
0,22,22,404,1.7304545454545455,0
0,21,21,405,1.7380952380952381,0
0,22,22,406,1.75,0
0,22,22,407,1.8450000000000002,0
0,22,22,408,1.7272727272727273,0
0,21,21,409,1.76,0
0,21,21,410,1.8290476190476188,0
0,22,22,411,1.7954545454545454,0
0,21,21,412,1.655714285714286,0
0,21,21,413,1.7757142857142856,0
0,21,21,414,1.7142857142857142,0
0,21,21,415,1.7457142857142856,0
0,21,21,416,1.6285714285714288,0
0,21,21,417,1.697142857142857,0
0,21,21,418,1.6585714285714286,0
0,21,21,419,1.8095238095238095,0
0,21,21,420,1.7466666666666666,0
0,21,21,421,1.7380952380952381,0
0,21,21,422,1.7385714285714284,0
0,21,21,423,1.8019047619047621,0
0,22,22,424,1.7613636363636365,0
0,21,21,425,1.743809523809524,0
0,22,22,426,1.7272727272727273,0
0,21,21,427,1.7380952380952381,0
0,21,21,428,1.8095238095238095,0
0,22,22,429,1.7159090909090908,0
0,21,21,430,1.6633333333333333,0
0,21,21,431,1.7490476190476192,0
0,22,22,432,1.7799999999999998,0
0,21,21,433,1.6676190476190478,0
0,22,22,434,1.7727272727272727,0
0,22,22,435,1.757272727272727,0
0,21,21,436,1.6833333333333333,0
0,21,21,437,1.7857142857142858,0
0,22,22,438,1.7977272727272726,0
0,21,21,439,1.7419047619047618,0
0,21,21,440,1.8095238095238095,0
0,21,21,441,1.8019047619047621,0
0,21,21,442,1.7142857142857142,0
0,21,21,443,1.7728571428571431,0
0,21,21,444,1.7995238095238095,0
0,21,21,445,1.7704761904761905,0
0,21,21,446,1.7452380952380953,0
0,21,21,447,1.6942857142857142,0
0,21,21,448,1.7866666666666664,0
0,21,21,449,1.779047619047619,0
0,21,21,450,1.7733333333333334,0
0,21,21,451,1.687142857142857,0
0,22,22,452,1.752727272727273,0
0,22,22,453,1.76,0
0,21,21,454,1.6904761904761905,0
0,21,21,455,1.77,0
0,21,21,456,1.7857142857142858,0
0,21,21,457,1.674761904761905,0
0,21,21,458,1.7619047619047619,0
0,21,21,459,1.8333333333333333,0
0,22,22,460,1.7645454545454546,0
0,21,21,461,1.7380952380952381,0
0,21,21,462,1.6852380952380952,0
0,21,21,463,1.7157142857142857,0
0,22,22,464,1.7754545454545456,0
0,22,22,465,1.820909090909091,0
0,21,21,466,1.7619047619047619,0
0,22,22,467,1.8559090909090907,0
0,21,21,468,1.7623809523809526,0
0,21,21,469,1.7395238095238095,0
0,22,22,470,1.7645454545454546,0
0,21,21,471,1.8009523809523809,0
0,21,21,472,1.7085714285714286,0
0,21,21,473,1.6814285714285715,0
0,22,22,474,1.8181818181818181,0
0,21,21,475,1.7633333333333334,0
0,21,21,476,1.681904761904762,0
0,21,21,477,1.6623809523809523,0
0,22,22,478,1.7954545454545454,0
0,21,21,479,1.7619047619047619,0
0,21,21,480,1.7219047619047618,0
0,21,21,481,1.788095238095238,0
0,22,22,482,1.794090909090909,0
0,21,21,483,1.7747619047619045,0
0,21,21,484,1.7619047619047619,0
0,22,22,485,1.75,0
0,22,22,486,1.8463636363636362,0
0,21,21,487,1.8133333333333332,0
0,21,21,488,1.7142857142857142,0
0,21,21,489,1.7457142857142856,0
0,21,21,490,1.7685714285714287,0
0,21,21,491,1.6938095238095239,0
0,21,21,492,1.7114285714285713,0
0,21,21,493,1.7742857142857145,0
0,22,22,494,1.7840909090909092,0
0,21,21,495,1.7733333333333334,0
0,21,21,496,1.7142857142857142,0
0,21,21,497,1.8333333333333333,0
0,21,21,498,1.6904761904761905,0
0,21,21,499,1.749047619047619,0
0,21,21,500,1.7909523809523809,0
0,21,21,501,1.8095238095238095,0
0,21,21,502,1.6238095238095238,0
0,21,21,503,1.8095238095238095,0
0,21,21,504,1.7452380952380953,0
0,21,21,505,1.7971428571428572,0
0,22,22,506,1.7018181818181817,0
0,21,21,507,1.7185714285714286,0
0,22,22,508,1.7800000000000002,0
0,21,21,509,1.7433333333333334,0
0,22,22,510,1.7459090909090909,0
0,22,22,511,1.7840909090909092,0
0,21,21,512,1.759047619047619,0
0,21,21,513,1.747142857142857,0
0,21,21,514,1.7485714285714284,0
0,21,21,515,1.7423809523809526,0
0,22,22,516,1.8409090909090908,0
0,21,21,517,1.755714285714286,0
0,21,21,518,1.7857142857142858,0
0,21,21,519,1.7142857142857142,0
0,21,21,520,1.7042857142857142,0
0,21,21,521,1.7485714285714284,0
0,21,21,522,1.7123809523809523,0
0,21,21,523,1.7380952380952381,0
0,21,21,524,1.739047619047619,0
0,21,21,525,1.6904761904761905,0
0,21,21,526,1.7090476190476191,0
0,21,21,527,1.8571428571428572,0
0,22,22,528,1.825,0
0,21,21,529,1.7857142857142858,0
0,21,21,530,1.7133333333333336,0
0,21,21,531,1.7780952380952382,0
0,21,21,532,1.7619047619047619,0
0,21,21,533,1.7185714285714286,0
0,21,21,534,1.65,0
0,22,22,535,1.7045454545454546,0
0,21,21,536,1.7380952380952381,0
0,21,21,537,1.701904761904762,0
0,22,22,538,1.8104545454545453,0
0,21,21,539,1.737142857142857,0
0,21,21,540,1.7290476190476192,0
0,21,21,541,1.7380952380952381,0
0,21,21,542,1.6804761904761905,0
0,21,21,543,1.77,0
0,22,22,544,1.8409090909090908,0
0,21,21,545,1.7542857142857144,0
0,21,21,546,1.6904761904761905,0
0,21,21,547,1.6666666666666667,0
0,21,21,548,1.7380952380952381,0
0,22,22,549,1.8181818181818181,0
0,21,21,550,1.7857142857142858,0
0,22,22,551,1.75,0
0,22,22,552,1.9318181818181819,0
0,21,21,553,1.7347619047619047,0
0,21,21,554,1.8571428571428572,0
0,21,21,555,1.6904761904761905,0
0,21,21,556,1.7671428571428571,0
0,22,22,557,1.8409090909090908,0
0,21,21,558,1.8233333333333333,0
0,21,21,559,1.7714285714285716,0
0,21,21,560,1.6904761904761905,0
0,21,21,561,1.6666666666666667,0
0,21,21,562,1.6800000000000002,0
0,21,21,563,1.764761904761905,0
0,22,22,564,1.8636363636363635,0
0,21,21,565,1.76,0
0,21,21,566,1.7619047619047619,0
0,21,21,567,1.6495238095238096,0
0,21,21,568,1.7271428571428569,0
0,21,21,569,1.7280952380952381,0
0,21,21,570,1.7619047619047619,0
0,21,21,571,1.7380952380952381,0
0,21,21,572,1.6933333333333334,0
0,21,21,573,1.793809523809524,0
0,21,21,574,1.7090476190476191,0
0,21,21,575,1.7366666666666666,0
0,21,21,576,1.6752380952380956,0
0,21,21,577,1.7828571428571427,0
0,21,21,578,1.7976190476190477,0
0,21,21,579,1.7595238095238097,0
0,22,22,580,1.7763636363636364,0
0,21,21,581,1.7295238095238095,0
0,21,21,582,1.8333333333333333,0
0,21,21,583,1.730952380952381,0
0,21,21,584,1.779047619047619,0
0,22,22,585,1.780909090909091,0
0,21,21,586,1.7157142857142857,0
0,21,21,587,1.7671428571428571,0
0,22,22,588,1.8181818181818181,0
0,21,21,589,1.7785714285714287,0
0,21,21,590,1.7619047619047619,0
0,21,21,591,1.7509523809523808,0
0,21,21,592,1.7328571428571429,0
0,22,22,593,1.7795454545454545,0
0,22,22,594,1.8181818181818181,0
0,21,21,595,1.7380952380952381,0
0,22,22,596,1.785909090909091,0
0,21,21,597,1.6476190476190478,0
0,21,21,598,1.6666666666666667,0
0,22,22,599,1.8409090909090908,0
0,21,21,600,1.7052380952380954,0
0,21,21,601,1.7857142857142858,0
0,21,21,602,1.694761904761905,0
0,21,21,603,1.6371428571428572,0
0,22,22,604,1.8731818181818183,0
0,22,22,605,1.8159090909090911,0
0,21,21,606,1.6904761904761905,0
0,21,21,607,1.7857142857142858,0
0,21,21,608,1.7380952380952381,0
0,21,21,609,1.7619047619047619,0
0,21,21,610,1.6471428571428572,0
0,21,21,611,1.7857142857142858,0
0,21,21,612,1.6995238095238094,0
0,21,21,613,1.6666666666666667,0
0,21,21,614,1.6671428571428575,0
0,21,21,615,1.7604761904761905,0
0,21,21,616,1.713809523809524,0
0,21,21,617,1.7380952380952381,0
0,21,21,618,1.7666666666666668,0
0,21,21,619,1.8095238095238095,0
0,21,21,620,1.6957142857142857,0
0,21,21,621,1.7328571428571429,0
0,21,21,622,1.7142857142857142,0
0,21,21,623,1.7157142857142857,0
0,21,21,624,1.7619047619047619,0
0,21,21,625,1.7242857142857144,0
0,21,21,626,1.812857142857143,0
0,22,22,627,1.7954545454545454,0
0,21,21,628,1.7619047619047619,0
0,21,21,629,1.7223809523809526,0
0,21,21,630,1.7242857142857144,0
0,22,22,631,1.7272727272727273,0
0,21,21,632,1.7447619047619047,0
0,21,21,633,1.6904761904761905,0
0,21,21,634,1.6904761904761905,0
0,21,21,635,1.6623809523809523,0
0,21,21,636,1.7857142857142858,0
0,21,21,637,1.619047619047619,0
0,22,22,638,1.745,0
0,21,21,639,1.6666666666666667,0
0,21,21,640,1.7133333333333336,0
0,21,21,641,1.7052380952380954,0
0,22,22,642,1.7645454545454542,0
0,21,21,643,1.7842857142857143,0
0,21,21,644,1.7380952380952381,0
0,21,21,645,1.6804761904761905,0
0,22,22,646,1.7359090909090908,0
0,21,21,647,1.7380952380952381,0
0,22,22,648,1.8636363636363635,0
0,21,21,649,1.6428571428571428,0
0,21,21,650,1.7380952380952381,0
0,21,21,651,1.7380952380952381,0
0,22,22,652,1.821818181818182,0
0,21,21,653,1.7142857142857142,0
0,21,21,654,1.7857142857142858,0
0,22,22,655,1.8409090909090908,0
0,21,21,656,1.802857142857143,0
0,21,21,657,1.7380952380952381,0
0,21,21,658,1.7619047619047619,0
0,22,22,659,1.75,0
0,21,21,660,1.818095238095238,0
0,22,22,661,1.9318181818181819,0
0,21,21,662,1.785238095238095,0
0,21,21,663,1.7200000000000002,0
0,22,22,664,1.7086363636363637,0
0,22,22,665,1.8772727272727272,0
0,21,21,666,1.7857142857142858,0
0,21,21,667,1.7019047619047616,0
0,21,21,668,1.6752380952380952,0
0,22,22,669,1.7272727272727273,0
0,22,22,670,1.7954545454545454,0
0,21,21,671,1.7852380952380953,0
0,21,21,672,1.7380952380952381,0
0,21,21,673,1.7595238095238097,0
0,22,22,674,1.7609090909090908,0
0,21,21,675,1.6847619047619045,0
0,21,21,676,1.7923809523809524,0
0,21,21,677,1.8095238095238095,0
0,21,21,678,1.84,0
0,21,21,679,1.665714285714286,0
0,21,21,680,1.7595238095238097,0
0,21,21,681,1.6914285714285713,0
0,21,21,682,1.730952380952381,0
0,21,21,683,1.7142857142857142,0
0,21,21,684,1.8095238095238095,0
0,21,21,685,1.7380952380952381,0
0,22,22,686,1.8072727272727276,0
0,21,21,687,1.7252380952380955,0
0,21,21,688,1.764761904761905,0
0,21,21,689,1.8214285714285714,0
0,21,21,690,1.7380952380952381,0
0,21,21,691,1.6442857142857144,0
0,21,21,692,1.7857142857142858,0
0,21,21,693,1.6933333333333334,0
0,21,21,694,1.8333333333333333,0
0,22,22,695,1.8181818181818181,0
0,22,22,696,1.8245454545454545,0
0,21,21,697,1.7142857142857142,0
0,21,21,698,1.6338095238095238,0
0,22,22,699,1.8836363636363636,0
0,21,21,700,1.6523809523809525,0
0,21,21,701,1.7233333333333332,0
0,22,22,702,1.82,0
0,21,21,703,1.6428571428571428,0
0,22,22,704,1.7727272727272727,0
0,22,22,705,1.8404545454545451,0
0,21,21,706,1.7485714285714284,0
0,22,22,707,1.7954545454545454,0
0,21,21,708,1.6823809523809523,0
0,22,22,709,1.781818181818182,0
0,21,21,710,1.6804761904761905,0
0,21,21,711,1.7000000000000002,0
0,21,21,712,1.7714285714285716,0
0,21,21,713,1.6904761904761905,0
0,21,21,714,1.7619047619047619,0
0,21,21,715,1.7142857142857142,0
0,21,21,716,1.7157142857142857,0
0,22,22,717,1.8409090909090908,0
0,22,22,718,1.8036363636363637,0
0,22,22,719,1.8036363636363637,0
0,21,21,720,1.7971428571428572,0
0,21,21,721,1.629047619047619,0
0,21,21,722,1.7619047619047619,0
0,21,21,723,1.802857142857143,0
0,21,21,724,1.7542857142857144,0
0,21,21,725,1.7619047619047619,0
0,21,21,726,1.7380952380952381,0
0,21,21,727,1.665714285714286,0
0,21,21,728,1.7380952380952381,0
0,21,21,729,1.716190476190476,0
0,21,21,730,1.6880952380952379,0
0,21,21,731,1.7619047619047619,0
0,21,21,732,1.6880952380952383,0
0,22,22,733,1.755,0
0,21,21,734,1.7900000000000003,0
0,21,21,735,1.5861904761904764,0
0,21,21,736,1.6542857142857144,0
0,21,21,737,1.813809523809524,0
0,21,21,738,1.756190476190476,0
0,21,21,739,1.7857142857142858,0
0,22,22,740,1.7272727272727273,0
0,22,22,741,1.7727272727272727,0
0,21,21,742,1.7857142857142858,0
0,21,21,743,1.7042857142857146,0
0,21,21,744,1.7752380952380953,0
0,21,21,745,1.6933333333333334,0
0,21,21,746,1.8333333333333333,0
0,22,22,747,1.794090909090909,0
0,21,21,748,1.6666666666666667,0
0,21,21,749,1.762857142857143,0
0,21,21,750,1.844285714285714,0
0,22,22,751,1.8027272727272725,0
0,21,21,752,1.7671428571428571,0
0,21,21,753,1.7580952380952382,0
0,22,22,754,1.8304545454545453,0
0,21,21,755,1.769047619047619,0
0,21,21,756,1.7619047619047619,0
0,22,22,757,1.8181818181818181,0
0,21,21,758,1.7933333333333332,0
0,22,22,759,1.7831818181818184,0
0,21,21,760,1.747142857142857,0
0,21,21,761,1.6800000000000002,0
0,21,21,762,1.7752380952380953,0
0,21,21,763,1.7857142857142858,0
0,21,21,764,1.7290476190476192,0
0,21,21,765,1.658095238095238,0
0,22,22,766,1.7045454545454546,0
0,21,21,767,1.840952380952381,0
0,21,21,768,1.7142857142857142,0
0,21,21,769,1.6904761904761905,0
0,21,21,770,1.6428571428571428,0
0,22,22,771,1.8336363636363637,0
0,21,21,772,1.6466666666666665,0
0,21,21,773,1.7200000000000002,0
0,21,21,774,1.7257142857142855,0
0,21,21,775,1.7714285714285716,0
0,21,21,776,1.784761904761905,0
0,21,21,777,1.7857142857142858,0
0,21,21,778,1.7661904761904763,0
0,21,21,779,1.7323809523809521,0
0,21,21,780,1.6904761904761905,0
0,21,21,781,1.8095238095238095,0
0,21,21,782,1.7380952380952381,0
0,22,22,783,1.7904545454545455,0
0,21,21,784,1.7857142857142858,0
0,21,21,785,1.7004761904761905,0
0,21,21,786,1.7380952380952381,0
0,21,21,787,1.7857142857142858,0
0,21,21,788,1.7619047619047619,0
0,21,21,789,1.7380952380952381,0
0,21,21,790,1.7842857142857143,0
0,22,22,791,1.8409090909090908,0
0,21,21,792,1.7280952380952381,0
0,21,21,793,1.793809523809524,0
0,21,21,794,1.7142857142857142,0
0,21,21,795,1.7519047619047619,0
0,22,22,796,1.7922727272727272,0
0,21,21,797,1.6666666666666667,0
0,21,21,798,1.7719047619047619,0
0,21,21,799,1.6666666666666667,0
0,21,21,800,1.7042857142857142,0
0,21,21,801,1.7180952380952381,0
0,21,21,802,1.7380952380952381,0
0,21,21,803,1.7942857142857143,0
0,21,21,804,1.8019047619047621,0
0,21,21,805,1.7957142857142858,0
0,21,21,806,1.8247619047619048,0
0,22,22,807,1.7954545454545454,0
0,21,21,808,1.8571428571428572,0
0,21,21,809,1.7695238095238093,0
0,21,21,810,1.6904761904761905,0
0,21,21,811,1.686190476190476,0
0,21,21,812,1.875238095238095,0
0,21,21,813,1.7328571428571429,0
0,21,21,814,1.7619047619047619,0
0,22,22,815,1.7045454545454546,0
0,22,22,816,1.8022727272727272,0
0,22,22,817,1.8327272727272728,0
0,21,21,818,1.7280952380952381,0
0,21,21,819,1.7628571428571427,0
0,21,21,820,1.7876190476190477,0
0,21,21,821,1.739047619047619,0
0,21,21,822,1.7771428571428571,0
0,22,22,823,1.7872727272727273,0
0,21,21,824,1.7647619047619045,0
0,21,21,825,1.7252380952380955,0
0,22,22,826,1.7986363636363636,0
0,22,22,827,1.7954545454545454,0
0,21,21,828,1.7857142857142858,0
0,21,21,829,1.7276190476190476,0
0,21,21,830,1.842857142857143,0
0,21,21,831,1.8095238095238095,0
0,21,21,832,1.7200000000000002,0
0,21,21,833,1.7095238095238094,0
0,21,21,834,1.7619047619047619,0
0,22,22,835,1.75,0
0,21,21,836,1.7809523809523808,0
0,21,21,837,1.7828571428571427,0
0,21,21,838,1.7619047619047619,0
0,21,21,839,1.7052380952380954,0
0,21,21,840,1.744285714285714,0
0,21,21,841,1.7280952380952381,0
0,21,21,842,1.7028571428571428,0
0,21,21,843,1.7857142857142858,0
0,21,21,844,1.7514285714285716,0
0,21,21,845,1.7380952380952381,0
0,21,21,846,1.66,0
0,22,22,847,1.8736363636363635,0
0,21,21,848,1.6290476190476189,0
0,21,21,849,1.6585714285714286,0
0,21,21,850,1.6847619047619045,0
0,21,21,851,1.7361904761904758,0
0,21,21,852,1.7452380952380953,0
0,21,21,853,1.6904761904761905,0
0,22,22,854,1.7936363636363637,0
0,21,21,855,1.7261904761904763,0
0,21,21,856,1.7380952380952381,0
0,22,22,857,1.811363636363636,0
0,22,22,858,1.8518181818181818,0
0,22,22,859,1.8409090909090908,0
0,21,21,860,1.6695238095238092,0
0,21,21,861,1.691904761904762,0
0,21,21,862,1.8333333333333333,0
0,21,21,863,1.812857142857143,0
0,21,21,864,1.7147619047619047,0
0,21,21,865,1.7857142857142858,0
0,21,21,866,1.6904761904761905,0
0,21,21,867,1.7619047619047619,0
0,21,21,868,1.793809523809524,0
0,21,21,869,1.7857142857142858,0
0,21,21,870,1.7857142857142858,0
0,21,21,871,1.715238095238095,0
0,22,22,872,1.7727272727272727,0
0,21,21,873,1.7380952380952381,0
0,21,21,874,1.7857142857142858,0
0,22,22,875,1.8636363636363635,0
0,21,21,876,1.6885714285714282,0
0,22,22,877,1.8863636363636365,0
0,21,21,878,1.7857142857142858,0
0,21,21,879,1.6666666666666667,0
0,21,21,880,1.830952380952381,0
0,21,21,881,1.694761904761905,0
0,21,21,882,1.7280952380952381,0
0,21,21,883,1.7142857142857142,0
0,21,21,884,1.7695238095238093,0
0,21,21,885,1.6904761904761905,0
0,22,22,886,1.8163636363636362,0
0,21,21,887,1.8333333333333333,0
0,22,22,888,1.7272727272727273,0
0,21,21,889,1.8047619047619048,0
0,21,21,890,1.7428571428571429,0
0,22,22,891,1.8090909090909089,0
0,22,22,892,1.8181818181818181,0
0,21,21,893,1.6914285714285713,0
0,22,22,894,1.7954545454545454,0
0,21,21,895,1.7142857142857142,0
0,21,21,896,1.6733333333333333,0
0,22,22,897,1.8845454545454545,0
0,21,21,898,1.740952380952381,0
0,21,21,899,1.8095238095238095,0
0,21,21,900,1.7514285714285716,0
0,21,21,901,1.7619047619047619,0
0,22,22,902,1.8350000000000002,0
0,21,21,903,1.7147619047619047,0
0,22,22,904,1.8336363636363637,0
0,21,21,905,1.7252380952380955,0
0,22,22,906,1.8181818181818181,0
0,21,21,907,1.6847619047619045,0
0,21,21,908,1.7142857142857142,0
0,21,21,909,1.7714285714285716,0
0,22,22,910,1.7981818181818179,0
0,21,21,911,1.8009523809523809,0
0,22,22,912,1.7954545454545454,0
0,21,21,913,1.8047619047619048,0
0,21,21,914,1.7000000000000002,0
0,22,22,915,1.8077272727272726,0
0,21,21,916,1.7380952380952381,0
0,21,21,917,1.7342857142857144,0
0,21,21,918,1.6666666666666667,0
0,21,21,919,1.8223809523809524,0
0,21,21,920,1.6719047619047618,0
0,22,22,921,1.7986363636363636,0
0,21,21,922,1.7414285714285715,0
0,21,21,923,1.7857142857142858,0
0,21,21,924,1.7142857142857142,0
0,21,21,925,1.8038095238095235,0
0,21,21,926,1.8176190476190477,0
0,21,21,927,1.7819047619047619,0
0,21,21,928,1.7142857142857142,0
0,21,21,929,1.739047619047619,0
0,21,21,930,1.9042857142857141,0
0,21,21,931,1.714761904761905,0
0,21,21,932,1.7380952380952381,0
0,21,21,933,1.7557142857142856,0
0,21,21,934,1.7619047619047619,0
0,21,21,935,1.6847619047619045,0
0,21,21,936,1.697142857142857,0
0,21,21,937,1.6490476190476189,0
0,21,21,938,1.720952380952381,0
0,21,21,939,1.8204761904761904,0
0,22,22,940,1.6977272727272728,0
0,21,21,941,1.6904761904761905,0
0,21,21,942,1.7657142857142856,0
0,21,21,943,1.7709523809523808,0
0,21,21,944,1.7861904761904763,0
0,21,21,945,1.6980952380952379,0
0,22,22,946,1.75,0
0,21,21,947,1.8095238095238095,0
0,22,22,948,1.7272727272727273,0
0,21,21,949,1.7619047619047619,0
0,21,21,950,1.7285714285714284,0
0,21,21,951,1.8095238095238095,0
0,22,22,952,1.9090909090909092,0
0,22,22,953,1.865,0
0,21,21,954,1.8333333333333333,0
0,21,21,955,1.7228571428571429,0
0,21,21,956,1.7519047619047619,0
0,21,21,957,1.7576190476190474,0
0,21,21,958,1.6666666666666667,0
0,21,21,959,1.7104761904761903,0
0,22,22,960,1.8286363636363638,0
0,21,21,961,1.7404761904761903,0
0,21,21,962,1.7619047619047619,0
0,21,21,963,1.8276190476190477,0
0,21,21,964,1.7290476190476192,0
0,21,21,965,1.8571428571428572,0
0,21,21,966,1.8333333333333333,0
0,21,21,967,1.873333333333333,0
0,21,21,968,1.764761904761905,0
0,21,21,969,1.6904761904761905,0
0,21,21,970,1.8095238095238095,0
0,21,21,971,1.7952380952380953,0
0,21,21,972,1.7252380952380955,0
0,22,22,973,1.7786363636363633,0
0,22,22,974,1.7754545454545456,0
0,21,21,975,1.7180952380952381,0
0,21,21,976,1.6533333333333333,0
0,22,22,977,1.8031818181818182,0
0,21,21,978,1.7942857142857143,0
0,22,22,979,1.825909090909091,0
0,21,21,980,1.7285714285714284,0
0,21,21,981,1.7638095238095237,0
0,21,21,982,1.7671428571428571,0
0,21,21,983,1.785238095238095,0
0,21,21,984,1.7433333333333334,0
0,21,21,985,1.7857142857142858,0
0,21,21,986,1.7552380952380953,0
0,21,21,987,1.75,0
0,21,21,988,1.7461904761904763,0
0,21,21,989,1.7619047619047619,0
0,21,21,990,1.6333333333333333,0
0,21,21,991,1.7504761904761903,0
0,21,21,992,1.7233333333333332,0
0,22,22,993,1.8436363636363637,0
0,21,21,994,1.6666666666666667,0
0,21,21,995,1.7395238095238095,0
0,21,21,996,1.7071428571428573,0
0,21,21,997,1.6904761904761905,0
0,21,21,998,1.7380952380952381,0
0,21,21,999,1.720952380952381,0
